user1,13961467500
user2,13961467501
user3,13961467502
user4,13961467503
user5,13961467504
user6,13961467505
user7,13961467506
user8,13961467507
user9,13961467508
user10,13961467509
user11,13961467510
user12,13961467511
user13,13961467512
user14,13961467513
user15,13961467514
user16,13961467515
user17,13961467516
user18,13961467517
user19,13961467518
user20,13961467519
user21,13961467520
user22,13961467521
user23,13961467522
user24,13961467523
user25,13961467524
user26,13961467525
user27,13961467526
user28,13961467527
user29,13961467528
user30,13961467529
user31,13961467530
user32,13961467531
user33,13961467532
user34,13961467533
user35,13961467534
user36,13961467535
user37,13961467536
user38,13961467537
user39,13961467538
user40,13961467539
user41,13961467540
user42,13961467541
user43,13961467542
user44,13961467543
user45,13961467544
user46,13961467545
user47,13961467546
user48,13961467547
user49,13961467548
user50,13961467549
user51,13961467550
user52,13961467551
user53,13961467552
user54,13961467553
user55,13961467554
user56,13961467555
user57,13961467556
user58,13961467557
user59,13961467558
user60,13961467559
user61,13961467560
user62,13961467561
user63,13961467562
user64,13961467563
user65,13961467564
user66,13961467565
user67,13961467566
user68,13961467567
user69,13961467568
user70,13961467569
user71,13961467570
user72,13961467571
user73,13961467572
user74,13961467573
user75,13961467574
user76,13961467575
user77,13961467576
user78,13961467577
user79,13961467578
user80,13961467579
user81,13961467580
user82,13961467581
user83,13961467582
user84,13961467583
user85,13961467584
user86,13961467585
user87,13961467586
user88,13961467587
user89,13961467588
user90,13961467589
user91,13961467590
user92,13961467591
user93,13961467592
user94,13961467593
user95,13961467594
user96,13961467595
user97,13961467596
user98,13961467597
user99,13961467598
user100,13961467599
